sequence_id	cluster_id	start	end	average_p	max_p	type	alkaloid_probability	nrp_probability	polyketide_probability	ripp_probability	saccharide_probability	terpene_probability	proteins	domains
k141_102496	k141_102496_cluster_1	3	2678	0.08912765604164256	0.08970901574014162		0.03871139869090168	0.19032612658786585	0.47201669995970075	0.15146123951904	0.010000000000000009	0.07541916976077911	k141_102496_1;k141_102496_2;k141_102496_3;k141_102496_4	PF01261;PF13577;PF14534
k141_107500	k141_107500_cluster_1	2	2071	0.0558158105243363	0.057461825763979575		0.02904431699744392	0.15638347057367996	0.16369841015161002	0.21435808823593872	0.010000000000000009	0.1605964966222001	k141_107500_1;k141_107500_2;k141_107500_3	PF00571;PF00850;PF05175;PF13649
k141_111068	k141_111068_cluster_1	1492	4777	0.28885009804968387	0.292865851464946		0.028721291521760173	0.4583574630033104	0.43215846084862297	0.11724239367818767	0.0	0.06341484700784694	k141_111068_3;k141_111068_4;k141_111068_5;k141_111068_6	PF00254;PF00528;PF01613;PF19300
k141_11215	k141_11215_cluster_1	1	2794	0.12321990587392605	0.12409321508985748		0.16010860160226503	0.089190229738771	0.09730491722901746	0.05543517182139468	0.0	0.08331104196791572	k141_11215_1;k141_11215_2;k141_11215_3	PF00202;PF01177;PF01266
k141_114753	k141_114753_cluster_1	842	4439	0.06675372980922835	0.07312146738228373		0.054745668434434736	0.1839176102832154	0.33232347240941085	0.21600032227024013	0.010000000000000009	0.0820375190511432	k141_114753_3;k141_114753_4;k141_114753_5;k141_114753_6	PF00204;PF01578;PF02518;PF04952
k141_114979	k141_114979_cluster_1	2	824	0.5159152596924058	0.5194099492443358	Polyketide	0.014373526700788841	0.20842877647089664	0.6111424099469702	0.01775924054520628	0.010000000000000009	0.04523367586798255	k141_114979_1;k141_114979_2;k141_114979_3	PF00109;PF00550;PF13561
k141_123968	k141_123968_cluster_1	1	1520	0.698237763297521	0.7015657436833629		0.04389227484561564	0.19639348126870682	0.4415088089153564	0.16909411573277933	0.0	0.08108295396377263	k141_123968_1;k141_123968_2;k141_123968_3	PF01012;PF08669
k141_128315	k141_128315_cluster_1	17	7418	0.12464929510711638	0.1300676516864953	Saccharide	0.021176470588235352	0.0726470588235294	0.16294117647058826	0.021176470588235352	0.53	0.14235294117647057	k141_128315_1;k141_128315_2;k141_128315_3;k141_128315_4;k141_128315_5;k141_128315_6;k141_128315_7	PF00535;PF00733;PF00890;PF01266;PF01370;PF04307;PF04321;PF13522;PF13537;PF13641;PF16363
k141_133484	k141_133484_cluster_1	306	2967	0.07709200131795321	0.07848710063518494		0.06000000000000005	0.030000000000000027	0.14	0.040000000000000036	0.0	0.17333333333333345	k141_133484_2;k141_133484_3;k141_133484_4;k141_133484_5	PF00890;PF01209;PF01758;PF05148;PF08241;PF08242;PF13489;PF13593;PF13649;PF13847
k141_133485	k141_133485_cluster_1	3	4653	0.055182689598944096	0.05800343136914254	RiPP	0.025786786943753137	0.05873314826617326	0.02927201084282005	0.7757446466144045	0.0	0.031238721518969004	k141_133485_1;k141_133485_2;k141_133485_3;k141_133485_4	PF00005;PF00291;PF02463;PF13292
k141_136609	k141_136609_cluster_1	2	3045	0.23804481398480054	0.24001724350911727		0.06651813067343193	0.12162639897450933	0.12678233102324166	0.1041196412774158	0.010000000000000009	0.05764957494222467	k141_136609_1;k141_136609_2;k141_136609_3	PF00202;PF00999;PF13469
k141_138337	k141_138337_cluster_1	330	3171	0.24513180791812908	0.24981062835586565		0.010000000000000009	0.050000000000000044	0.48	0.040000000000000036	0.020000000000000018	0.09750000000000003	k141_138337_1;k141_138337_2;k141_138337_3;k141_138337_4	PF00106;PF00702;PF07021;PF08241;PF08242;PF08659;PF13489;PF13561;PF13649;PF13847;PF19798
k141_139797	k141_139797_cluster_1	1	1965	0.08566214509263387	0.0880010168018203	RiPP	0.01802956098751418	0.13410500336178754	0.11180085106564408	0.5725662831903806	0.0	0.030773036512937613	k141_139797_1;k141_139797_2;k141_139797_3	PF00072;PF00196;PF00881;PF01106
k141_14122	k141_14122_cluster_1	1	1172	0.11072773496676845	0.11229674278447033	Saccharide	0.0167775815727369	0.05133604537486447	0.08342159063452437	0.045585013556247	0.72	0.0444679603965763	k141_14122_1;k141_14122_2;k141_14122_3	PF00483;PF12804;PF12836;PF18073
k141_144664	k141_144664_cluster_1	294	3094	0.45010305414870877	0.4539818321129054		0.023362730530890108	0.11729096643185488	0.13113988883878902	0.27381126555089763	0.020000000000000018	0.048067237005274044	k141_144664_2;k141_144664_3;k141_144664_4	PF00155;PF00953;PF19493
k141_145112	k141_145112_cluster_1	2	1896	0.09860866274902744	0.09899355893484069		0.0	0.010000000000000009	0.48	0.0	0.0	0.09999999999999998	k141_145112_1;k141_145112_2;k141_145112_3	PF00106;PF00702;PF08125;PF08659;PF13561
k141_145143	k141_145143_cluster_1	2	3935	0.06671876159115342	0.06732193596589939		0.03958692776690531	0.17748519819194863	0.18607655246868315	0.1636256379427461	0.030000000000000027	0.08082038891386856	k141_145143_1;k141_145143_2;k141_145143_3;k141_145143_4	PF01408;PF03600
k141_146646	k141_146646_cluster_1	3	3055	0.9928779815767258	0.9943213156825492	Polyketide	0.05285342650644376	0.11820141065830725	0.6390789359108325	0.019641457680250718	0.0	0.18434419627307552	k141_146646_1;k141_146646_2;k141_146646_3	PF00109;PF01266;PF01494;PF02801;PF04820;PF05834;PF13450;PF13723
k141_156105	k141_156105_cluster_1	825	3286	0.15915854791831502	0.16107447879735562		0.0	0.010000000000000009	0.4	0.050000000000000044	0.0	0.25	k141_156105_3;k141_156105_4;k141_156105_5	PF00106;PF00743;PF08659;PF13434;PF13450;PF13561;PF13738
k141_156424	k141_156424_cluster_1	3	2990	0.09241589615827495	0.09668294761553395		0.022589748374810203	0.2947012846360053	0.2875121196737801	0.07258646913092104	0.0	0.03963375161804661	k141_156424_1;k141_156424_2;k141_156424_3;k141_156424_4	PF00202;PF00254;PF00691
k141_159174	k141_159174_cluster_1	510	6399	0.36467582610739485	0.9650308861381119	Polyketide	0.0	0.15000000000000002	0.94	0.0	0.0	0.020000000000000018	k141_159174_2;k141_159174_3;k141_159174_4	PF00109;PF00550;PF00698;PF00717;PF00762;PF00975;PF02801;PF10502;PF16197
k141_162199	k141_162199_cluster_1	3	728	0.05766529612662559	0.05951644260990961		0.05681601174575279	0.25140824283986407	0.2701922329801453	0.2222431646309535	0.0	0.11136929102471216	k141_162199_1;k141_162199_2;k141_162199_3	PF00006;PF00231;PF02874
k141_162373	k141_162373_cluster_1	1	5529	0.12397801828426536	0.12947000142128157		0.048270150343723284	0.2458666467588122	0.22046722237121974	0.1730491883204337	0.010000000000000009	0.08762643488205824	k141_162373_1;k141_162373_2;k141_162373_3;k141_162373_4;k141_162373_5	PF00122;PF00690;PF00702;PF02308;PF13483
k141_166601	k141_166601_cluster_1	2	3991	0.5176809366847375	0.5279399791231798	Polyketide	0.0020376984126984077	0.09796428571428573	0.8475287698412698	0.009053571428571439	0.0	0.04207242063492056	k141_166601_1;k141_166601_2;k141_166601_3;k141_166601_4	PF00109;PF00171;PF00550;PF02801
k141_169587	k141_169587_cluster_1	179	5434	0.41209308151895613	0.4212655453911951		0.03500000000000003	0.030000000000000027	0.14	0.07999999999999996	0.010000000000000009	0.07999999999999996	k141_169587_2;k141_169587_3;k141_169587_4;k141_169587_5;k141_169587_6	PF00067;PF00571;PF01209;PF04055;PF08241;PF08242;PF13370;PF13489;PF13649;PF13847
k141_170652	k141_170652_cluster_1	253	1783	0.11212472247101606	0.1133694064293224		0.034696040547103846	0.18375546791646924	0.19996763796986583	0.17177916053586562	0.0	0.06578426295531214	k141_170652_1;k141_170652_2;k141_170652_3	PF00696;PF01135;PF09335
k141_171098	k141_171098_cluster_1	1	1791	0.22144867725439007	0.22464755322068672		0.04688506174789209	0.19046404779183657	0.2057876454409393	0.1793295149441423	0.20999999999999996	0.09238880311287545	k141_171098_1;k141_171098_2;k141_171098_3	PF00989;PF08447;PF08448;PF13426
k141_173649	k141_173649_cluster_1	91	2068	0.29149673424372546	0.3034102951853057		0.013594445721163417	0.06557452834240418	0.4030670885538472	0.05589226148876936	0.010000000000000009	0.2651824362398867	k141_173649_1;k141_173649_2;k141_173649_3	PF00106;PF00581;PF12759;PF13561
k141_177743	k141_177743_cluster_1	3	2248	0.07161768832552848	0.07258211386232412		0.01945823276127201	0.1071711134041482	0.09141029042036419	0.288796251521527	0.010000000000000009	0.03905061714820601	k141_177743_1;k141_177743_2;k141_177743_3	PF00582;PF00850;PF04055
k141_177791	k141_177791_cluster_1	1	2629	0.1755527025301817	0.17686523367451107		0.26128677984803406	0.05304429122962273	0.10617282875758671	0.08096825733091051	0.0	0.16054480721551112	k141_177791_1;k141_177791_2;k141_177791_3	PF00557;PF01266;PF01494;PF13450
k141_178363	k141_178363_cluster_1	2	2390	0.21666509050089672	0.21903655237417008		0.08662203989238737	0.18972007919873446	0.22828450355163166	0.16456652158649265	0.0	0.2593808654176535	k141_178363_1;k141_178363_2;k141_178363_3	PF00685;PF05721;PF08241;PF13469
k141_181258	k141_181258_cluster_1	66	6993	0.1402558969906531	0.1452810257342563		0.041597598679187775	0.158494210284703	0.19418852657808217	0.1468553310268973	0.030000000000000027	0.07766263151049402	k141_181258_1;k141_181258_2;k141_181258_3;k141_181258_4;k141_181258_5;k141_181258_6;k141_181258_7;k141_181258_8;k141_181258_9;k141_181258_10;k141_181258_11;k141_181258_12;k141_181258_13	PF00300;PF04545;PF07638;PF07690
k141_185971	k141_185971_cluster_1	1	2147	0.12334255758211136	0.12342638382873786	RiPP	0.0028398855351297048	0.09665851363391775	0.06215603082261123	0.6933100496134315	0.020000000000000018	0.018613337645769557	k141_185971_1;k141_185971_2;k141_185971_3	PF00005;PF00072;PF00486;PF01895
k141_186852	k141_186852_cluster_1	2	4428	0.09029941274467525	0.09056893045676227		0.03163112766789555	0.1775870931225938	0.3038011576704579	0.08217966853015968	0.020000000000000018	0.14811888712323695	k141_186852_1;k141_186852_2;k141_186852_3;k141_186852_4;k141_186852_5	PF00106;PF00128;PF00857;PF01636
k141_187916	k141_187916_cluster_1	1	1554	0.32287088926195073	0.3295173065563593	RiPP	0.0062551918727765665	0.032315254189142495	0.03240031224560225	0.5983005084533652	0.0	0.01568572037613325	k141_187916_1;k141_187916_2;k141_187916_3;k141_187916_4	PF00733;PF02254;PF04055;PF13353;PF13394
k141_187919	k141_187919_cluster_1	1	5687	0.08139789789872215	0.08305738489963513		0.36	0.030000000000000027	0.18999999999999995	0.010000000000000009	0.31000000000000005	0.020000000000000018	k141_187919_1;k141_187919_2;k141_187919_3;k141_187919_4;k141_187919_5;k141_187919_6;k141_187919_7	PF00291;PF01073;PF01209;PF01370;PF02353;PF02719;PF04321;PF05368;PF07714;PF07993;PF08241;PF08242;PF13460;PF13489;PF13649;PF13669;PF13847;PF16363
k141_188310	k141_188310_cluster_1	3	2576	0.22255806995070287	0.22433934805828928		0.03725468345626426	0.25752888226964243	0.23374120010206378	0.24414264779226458	0.0	0.1292880346689642	k141_188310_1;k141_188310_2;k141_188310_3	PF00248;PF00593;PF04820
k141_188613	k141_188613_cluster_1	247	2434	0.48507696662503663	0.4880823458361281		0.04157957407749857	0.08093091423499965	0.29531825927255884	0.45461983005539797	0.0	0.03228740283194209	k141_188613_2;k141_188613_3;k141_188613_4	PF02597;PF05368;PF08592;PF13460
k141_188679	k141_188679_cluster_1	60	2272	0.6583946044346113	0.6619595314101772	Polyketide	0.010000000000000009	0.08999999999999997	0.77	0.0	0.010000000000000009	0.010000000000000009	k141_188679_1;k141_188679_2;k141_188679_3	PF00106;PF00109;PF00550;PF02801;PF08659;PF13561
k141_193890	k141_193890_cluster_1	1	10260	0.9608079454867123	0.9874483708614316	Polyketide	0.0	0.29000000000000004	0.81	0.020000000000000018	0.010000000000000009	0.09999999999999998	k141_193890_1;k141_193890_2;k141_193890_3;k141_193890_4;k141_193890_5;k141_193890_6;k141_193890_7;k141_193890_8;k141_193890_9;k141_193890_10;k141_193890_11	PF00108;PF00109;PF00293;PF00487;PF00501;PF00550;PF00698;PF02801;PF16197
k141_19392	k141_19392_cluster_1	628	2885	0.15623095305942242	0.15644556453481212	RiPP	0.0017939967617387476	0.10433739695415711	0.01057766141216343	0.8255304570749873	0.030000000000000027	0.003416084086490745	k141_19392_3;k141_19392_4;k141_19392_5	PF00005;PF01061;PF14104
k141_193988	k141_193988_cluster_1	2	3518	0.4233379392985559	0.6637341658893963		0.00035714285714272265	0.01285714285714279	0.26357142857142857	0.001071428571428612	0.020000000000000018	0.41107142857142864	k141_193988_1;k141_193988_2;k141_193988_3;k141_193988_4;k141_193988_5	PF00106;PF00494;PF00528;PF00702;PF08659;PF13531;PF13561
k141_194490	k141_194490_cluster_1	3	1087	0.5635155938516981	0.5668285501790957	Polyketide	0.012744002439685542	0.19007529140688528	0.5206401972079154	0.011809738411493576	0.030000000000000027	0.0638819293846572	k141_194490_1;k141_194490_2;k141_194490_3	PF00106;PF00109;PF00550;PF13561
k141_1953	k141_1953_cluster_1	1	4527	0.9418879930134865	0.9458891104516618		0.015242253806764139	0.27956660519786913	0.3126400409187867	0.3925227067007545	0.0	0.024696222704393422	k141_1953_1;k141_1953_2;k141_1953_3;k141_1953_4	PF00733;PF01648;PF12146;PF17837
k141_195795	k141_195795_cluster_1	3	1792	0.08143942218195782	0.0831670670933337		0.045089998613031534	0.19838506961871372	0.21361226320211724	0.18030383881174583	0.0	0.1081168454537127	k141_195795_1;k141_195795_2;k141_195795_3	PF00657;PF00781;PF04143
k141_197897	k141_197897_cluster_1	2	3694	0.1667531768964729	0.18289890770785583		0.143115400250162	0.09552764713203299	0.1773648369274834	0.027502815904467792	0.050000000000000044	0.2917483106211002	k141_197897_1;k141_197897_2;k141_197897_3;k141_197897_4	PF01040;PF01266;PF01494;PF02954;PF05834;PF07690
k141_198587	k141_198587_cluster_1	1	3441	0.19315273946301864	0.19358081133351793		0.26723731580235577	0.052729074011019894	0.07386034912593187	0.08958546812947443	0.0	0.3568003520092832	k141_198587_1;k141_198587_2;k141_198587_3	PF00875;PF01266;PF01593;PF13450
k141_202007	k141_202007_cluster_1	1	1550	0.2797814118998104	0.2860798927052163		0.020000000000000018	0.17000000000000004	0.31999999999999995	0.020000000000000018	0.040000000000000036	0.050000000000000044	k141_202007_1;k141_202007_2;k141_202007_3	PF00106;PF00441;PF00550;PF08659;PF13561
k141_20225	k141_20225_cluster_1	563	3627	0.06223712452360692	0.0632817432928871		0.010000000000000009	0.030000000000000027	0.33999999999999997	0.06000000000000005	0.48	0.0	k141_20225_2;k141_20225_3;k141_20225_4	PF00072;PF00486;PF00512;PF01073;PF01370;PF02518;PF02719;PF04321;PF07993;PF13460;PF16363
k141_205741	k141_205741_cluster_1	2	1342	0.09048627094446471	0.09195758175189354		0.16983393827998294	0.14566061645051975	0.1709871929345873	0.11709936623510597	0.0	0.1222833440660338	k141_205741_1;k141_205741_2;k141_205741_3	PF01266;PF02310
k141_209402	k141_209402_cluster_1	1	963	0.3066904294392257	0.3492626474826679		0.054166761078382586	0.24631783604148538	0.24696014252424892	0.2052904487487368	0.0	0.10290816987404705	k141_209402_1;k141_209402_2;k141_209402_3	PF01176;PF01551;PF10431
k141_210548	k141_210548_cluster_1	432	3635	0.06529028552609459	0.07731772635527613		0.04891180160038022	0.07345247617032813	0.2267730804426933	0.05499828410887675	0.41000000000000003	0.0300868408004612	k141_210548_1;k141_210548_2;k141_210548_3	PF00483;PF01370;PF08421;PF08484;PF13489;PF16363
k141_210548	k141_210548_cluster_2	11977	19653	0.22082254880945273	0.26533754903690376		0.033540829056285304	0.046860346423123644	0.10969646983909487	0.12962328579716453	0.030000000000000027	0.13423082501810413	k141_210548_12;k141_210548_13;k141_210548_14;k141_210548_15;k141_210548_16;k141_210548_17;k141_210548_18;k141_210548_19	PF00089;PF00582;PF00916;PF01740;PF02353;PF08241;PF08242;PF13365;PF13489;PF13649;PF19493;PF19713
k141_211003	k141_211003_cluster_1	939	4229	0.26390678171980475	0.2670996089591787		0.044680784515248595	0.18140721469483878	0.1798021316175651	0.06884981963076142	0.050000000000000044	0.06569071102519475	k141_211003_2;k141_211003_3;k141_211003_4;k141_211003_5	PF00892;PF01568;PF07690;PF13247
k141_217317	k141_217317_cluster_1	1	4250	0.09784774619084238	0.12920207707244422		0.020621129992216436	0.04698458499158209	0.120053860514724	0.3654267601514991	0.0	0.1269650809456313	k141_217317_1;k141_217317_2;k141_217317_3;k141_217317_4	PF00733;PF01170;PF05175;PF07670;PF13649;PF13847
k141_217379	k141_217379_cluster_1	309	3377	0.07557533705114645	0.0786473012373594		0.05086840432732831	0.2442509145779772	0.279027227999913	0.19529700050399956	0.0	0.13608840666124022	k141_217379_1;k141_217379_2;k141_217379_3;k141_217379_4	PF00111;PF00288;PF03055
k141_221054	k141_221054_cluster_1	179	3225	0.16725954739982926	0.173351284522458		0.024712651741160996	0.18553376022018686	0.20113093641229596	0.3249892701787992	0.020000000000000018	0.05000019200922112	k141_221054_1;k141_221054_2;k141_221054_3;k141_221054_4	PF00072;PF00196;PF02195;PF02481;PF17782
k141_221630	k141_221630_cluster_1	262	1761	0.08163644685578719	0.08207772102039337		0.05513987487449412	0.26199334066886426	0.25820067575688066	0.21276567870224805	0.010000000000000009	0.10637107785576727	k141_221630_1;k141_221630_2;k141_221630_3	PF00582;PF02915;PF11127
k141_222021	k141_222021_cluster_1	1	4904	0.06403750349266607	0.07335504294202079	RiPP	0.013006117973859976	0.14393840705516736	0.011789782624284761	0.7989597500042802	0.0	0.015537296207702833	k141_222021_1;k141_222021_2;k141_222021_3;k141_222021_4;k141_222021_5;k141_222021_6	PF00005;PF00793;PF03631
k141_224293	k141_224293_cluster_1	1	3117	0.0599819725637412	0.062024485129376916		0.061539735664027595	0.22288395920995852	0.2598601716527562	0.2169449014454764	0.0	0.14874749191967185	k141_224293_1;k141_224293_2;k141_224293_3	PF01263;PF04116;PF07282
k141_224445	k141_224445_cluster_1	2	2323	0.07230465017032267	0.07362524292568774		0.011408425742843065	0.06752551288598085	0.11076971083676013	0.05820624150075571	0.020000000000000018	0.09455813101641852	k141_224445_1;k141_224445_2;k141_224445_3	PF00083;PF00701;PF01619;PF07690
k141_225586	k141_225586_cluster_1	339	4738	0.7894597664973219	0.795736897898995		0.06191329910842103	0.021124220386612214	0.11285126930091527	0.21341155886592544	0.010000000000000009	0.16644051601132626	k141_225586_2;k141_225586_3;k141_225586_4;k141_225586_5;k141_225586_6;k141_225586_7	PF01209;PF05721;PF08241;PF08242;PF10017;PF13649;PF13847
k141_226596	k141_226596_cluster_1	1	1994	0.08541245545490918	0.08657663362509795		0.035340651146657964	0.23434121496887628	0.15485206411861252	0.12247962617372421	0.0	0.06387931605954977	k141_226596_1;k141_226596_2;k141_226596_3	PF00702;PF00892;PF06463
k141_227709	k141_227709_cluster_1	869	7290	0.15663876442626934	0.2087681366953556		0.03297653949278456	0.16600769345351807	0.26154608776234056	0.14958808903031784	0.14	0.060033375852240556	k141_227709_4;k141_227709_5;k141_227709_6;k141_227709_7;k141_227709_8;k141_227709_9	PF01761;PF02163;PF07714;PF12072
k141_229565	k141_229565_cluster_1	3	1894	0.06282130627556488	0.06341296497022975		0.054821546369759444	0.24121671944757916	0.20895970159334387	0.1702334686603273	0.010000000000000009	0.09038714834697303	k141_229565_1;k141_229565_2;k141_229565_3	PF00685;PF00702;PF00793;PF08282;PF13469
k141_232050	k141_232050_cluster_1	1	1384	0.165271313568285	0.1669992918703747		0.010000000000000009	0.020000000000000018	0.12	0.12	0.06999999999999995	0.12	k141_232050_1;k141_232050_2;k141_232050_3	PF01209;PF01656;PF02374;PF08241;PF08242;PF10609;PF12680;PF13489;PF13614;PF13649;PF13847
k141_232129	k141_232129_cluster_1	518	2139	0.0816377824038065	0.08207282846612904		0.05513987487449412	0.26199334066886426	0.25820067575688066	0.21276567870224805	0.010000000000000009	0.10637107785576727	k141_232129_2;k141_232129_3;k141_232129_4	PF00582;PF02915;PF11127
k141_23318	k141_23318_cluster_1	164	3695	0.14085091099183755	0.1416104493223781		0.1231211683664436	0.06004877399076902	0.10570219799666247	0.10333040390672243	0.0	0.2501362550628733	k141_23318_1;k141_23318_2;k141_23318_3	PF00155;PF00890;PF01266;PF13230;PF13450;PF13522
k141_23331	k141_23331_cluster_1	1782	7619	0.4621505401263981	0.4763141258450449		0.03641888910063529	0.21474243016926098	0.2700000009765344	0.12799395302998728	0.010000000000000009	0.042713679098498325	k141_23331_3;k141_23331_4;k141_23331_5;k141_23331_6	PF00149;PF00202;PF00512;PF07688;PF12850
k141_236868	k141_236868_cluster_1	1	2205	0.15992078643836694	0.1628178500250696		0.054030978424562504	0.2332421520866922	0.2212207265360937	0.17588799744061223	0.0	0.09577522722749332	k141_236868_1;k141_236868_2;k141_236868_3	PF00383;PF00793;PF00795
k141_237631	k141_237631_cluster_1	203	1731	0.05972884514996412	0.060919450358012946		0.03261387517394576	0.19260581663579102	0.21691367244858695	0.27501246261664436	0.06000000000000005	0.06438581580059022	k141_237631_1;k141_237631_2;k141_237631_3	PF00072;PF13358;PF13384;PF13551
k141_239139	k141_239139_cluster_1	3	1071	0.05591968620798215	0.056378583754957155		0.040053705651936	0.12718142949725209	0.16471789373535428	0.13300814131349048	0.30000000000000004	0.06225420534060888	k141_239139_1;k141_239139_2;k141_239139_3	PF02391;PF02597;PF12804
k141_241916	k141_241916_cluster_1	547	1864	0.32904195789399404	0.3296749758727612		0.011899660985026816	0.06821640455786793	0.3794712308126943	0.0038598267256803043	0.050000000000000044	0.1321261418212637	k141_241916_2;k141_241916_3;k141_241916_4	PF00106;PF01370;PF02423;PF07110;PF08659;PF13561
k141_249857	k141_249857_cluster_1	3	2363	0.08811469411522398	0.08911043915856746		0.062131555156867524	0.2575092147843435	0.2682342785166826	0.12787363372999083	0.010000000000000009	0.05940573631728607	k141_249857_1;k141_249857_2;k141_249857_3	PF00149;PF00293;PF00300
k141_250870	k141_250870_cluster_1	3	3573	0.1308040294601161	0.13166365050067094	RiPP	0.0017613636363635887	0.040434637068357926	0.04111456131078228	0.7315513565891474	0.0	0.0032366543340381915	k141_250870_1;k141_250870_2;k141_250870_3;k141_250870_4;k141_250870_5	PF00005;PF00440;PF00925;PF12698;PF13304;PF16859
k141_251350	k141_251350_cluster_1	297	2109	0.14813309506557204	0.14883416719145245		0.03644387395927362	0.20307779851263907	0.26539486438918447	0.24141904809737336	0.020000000000000018	0.0758882887714516	k141_251350_2;k141_251350_3;k141_251350_4	PF00462;PF01259;PF01636;PF13417
k141_25205	k141_25205_cluster_1	1	4148	0.053668074427151574	0.05512730578003432	Saccharide	0.0	0.18999999999999995	0.06000000000000005	0.010000000000000009	0.9299999999999999	0.0	k141_25205_1;k141_25205_2;k141_25205_3;k141_25205_4;k141_25205_5	PF00535;PF00685;PF10111;PF13469;PF13641
k141_254509	k141_254509_cluster_1	2	4643	0.9846863429715507	0.992850667612713	NRP	0.010399999999999965	0.7346999999999999	0.1823999999999999	0.1593000000000001	0.010000000000000009	0.0015999999999999348	k141_254509_1;k141_254509_2;k141_254509_3	PF00005;PF00501;PF00550;PF00664;PF00892;PF00975;PF06472;PF13193
k141_259638	k141_259638_cluster_1	1	1313	0.23916095053934497	0.24047679999575813		0.05645029149636127	0.2818973602821263	0.25928479399549065	0.19131301889426866	0.040000000000000036	0.09560685522916446	k141_259638_1;k141_259638_2;k141_259638_3	PF05598;PF13340;PF13359;PF13586
k141_260710	k141_260710_cluster_1	2	1825	0.9101682498050636	0.9167971366820256		0.02026011852722076	0.10094518738432356	0.08741027523139555	0.0716870805586054	0.0	0.03135055411161258	k141_260710_1;k141_260710_2;k141_260710_3	PF00202;PF00696;PF10431
k141_261108	k141_261108_cluster_1	1	2285	0.06938417471828556	0.06982902884920339	RiPP	0.1440848959537644	0.09585354371361088	0.03583510026585035	0.580382243138723	0.010000000000000009	0.02835991898475243	k141_261108_1;k141_261108_2;k141_261108_3	PF00005;PF00155;PF01266;PF08352
k141_261502	k141_261502_cluster_1	245	3572	0.06268934175520945	0.06456590388348858		0.038825302084809166	0.25651673258682384	0.3963340383376063	0.1591953280563324	0.050000000000000044	0.08755892179244451	k141_261502_1;k141_261502_2;k141_261502_3;k141_261502_4	PF00171;PF00205;PF07592;PF13358
k141_264967	k141_264967_cluster_1	2	1421	0.12404975629322078	0.12524808816285932		0.034619400207710815	0.15685246614646786	0.17280029331259972	0.24225752273085688	0.010000000000000009	0.06135419948440057	k141_264967_1;k141_264967_2;k141_264967_3	PF00072;PF00486;PF01895
k141_267997	k141_267997_cluster_1	3	3419	0.2443633605088351	0.24744275387522027	NRP;Polyketide	0.015341587384812505	0.6486333132007756	0.574342812974086	0.10446486729949489	0.0	0.020832885502814702	k141_267997_1;k141_267997_2;k141_267997_3	PF00561;PF07110;PF12146;PF12697
k141_268882	k141_268882_cluster_1	1	1921	0.06420408900862269	0.0661460492913308	RiPP	0.004182588562095191	0.12908546587869663	0.014730959094872875	0.8376362205925154	0.0	0.007890237384173604	k141_268882_1;k141_268882_2;k141_268882_3	PF00005;PF02361;PF13083
k141_269515	k141_269515_cluster_1	2	2917	0.957878018369463	0.9759859850917798		0.04409286472556939	0.18229352320413483	0.19437009692604035	0.37333735520363676	0.0	0.08566818321020886	k141_269515_1;k141_269515_2;k141_269515_3;k141_269515_4;k141_269515_5	PF00633;PF05114;PF07681
k141_270968	k141_270968_cluster_1	1	3319	0.053854414534031114	0.056094693577333016	RiPP	0.011306818181818112	0.01647727272727284	0.036051136363636216	0.8153977272727273	0.010000000000000009	0.0011647727272727781	k141_270968_1;k141_270968_2;k141_270968_3;k141_270968_4	PF00005;PF01061;PF02518;PF12698;PF13304
k141_27158	k141_27158_cluster_1	1	7384	0.12367630671422596	0.13820087592642785		0.02478374503388725	0.06810761645554864	0.3254610841274078	0.0806097456002487	0.050000000000000044	0.20427269941376525	k141_27158_1;k141_27158_2;k141_27158_3;k141_27158_4;k141_27158_5;k141_27158_6;k141_27158_7;k141_27158_8;k141_27158_9;k141_27158_10	PF00156;PF00393;PF00581;PF01593;PF03364;PF10604;PF13358;PF13450
k141_272626	k141_272626_cluster_1	119	5418	0.10223430634451838	0.10312218128673091		0.0546632285460541	0.23742288504633724	0.25610773446912827	0.21232390211323415	0.0	0.10620748607792163	k141_272626_1;k141_272626_2;k141_272626_3;k141_272626_4;k141_272626_5	PF00148
k141_274848	k141_274848_cluster_1	3	3995	0.07745298564309504	0.08036618281537954		0.06295086096593427	0.2280792061221112	0.15242250562830117	0.16827016543181983	0.06999999999999995	0.2368888107627355	k141_274848_1;k141_274848_2;k141_274848_3;k141_274848_4;k141_274848_5	PF00078;PF00665;PF02810;PF13604
k141_275013	k141_275013_cluster_1	1	2301	0.09361454890764451	0.10192639204720687		0.09230802547397143	0.16887590072827774	0.1897824393556513	0.13114454766506456	0.0	0.15473631667804566	k141_275013_1;k141_275013_2;k141_275013_3	PF01494;PF01571
k141_27714	k141_27714_cluster_1	730	3556	0.054418475671491676	0.055623684244418534		0.022777583054041317	0.1446503316878084	0.29090167364073405	0.3462797604125134	0.0	0.09538833666764834	k141_27714_3;k141_27714_4;k141_27714_5;k141_27714_6	PF00165;PF01381;PF12802;PF12833
k141_280337	k141_280337_cluster_1	2	3035	0.21343665790696936	0.21579430701455327		0.02320071684587821	0.03998387096774192	0.08129518689196102	0.23679493087557602	0.0	0.19404889912954415	k141_280337_1;k141_280337_2;k141_280337_3;k141_280337_4	PF04055;PF08241;PF13649;PF13669;PF13847
k141_280942	k141_280942_cluster_1	2	2899	0.07567722199382647	0.07618058390078092	RiPP	0.004182588562095191	0.12741879921203003	0.024730959094872884	0.7993028872591822	0.0	0.007890237384173604	k141_280942_1;k141_280942_2;k141_280942_3	PF00005;PF00528;PF13379
k141_281945	k141_281945_cluster_1	2	4013	0.058004380044051694	0.059270826971565785		0.028399265948333863	0.1273363758488577	0.1337701693680694	0.2333890226573202	0.10999999999999999	0.05529312575236034	k141_281945_1;k141_281945_2;k141_281945_3	PF01435;PF01656;PF02481;PF10609;PF13614
k141_282880	k141_282880_cluster_1	687	3983	0.11517657954257401	0.12275780866591747		0.0452531769960719	0.31231050377610714	0.45175574561119913	0.1433878432970488	0.0	0.08914617684064607	k141_282880_2;k141_282880_3;k141_282880_4	PF00171;PF00701;PF03301
k141_283865	k141_283865_cluster_1	1	2538	0.17934772830426216	0.18000377818834443		0.05026517061176927	0.28878212813690074	0.23745553676429498	0.19693207897889453	0.010000000000000009	0.09764291324354701	k141_283865_1;k141_283865_2;k141_283865_3	PF01965;PF07969;PF13551;PF13683
k141_285506	k141_285506_cluster_1	1236	4520	0.0681800093532036	0.06923450250821339		0.37	0.020000000000000018	0.18000000000000005	0.040000000000000036	0.31999999999999995	0.020000000000000018	k141_285506_3;k141_285506_4;k141_285506_5;k141_285506_6	PF01073;PF01209;PF01370;PF02353;PF02719;PF04307;PF04321;PF05368;PF07021;PF07993;PF08003;PF08241;PF08242;PF13460;PF13489;PF13649;PF13847;PF16363
k141_287596	k141_287596_cluster_1	3	2232	0.3933968790994713	0.39857550951498444	Saccharide	0.004530572991154336	0.027868583539189862	0.030888395114340605	0.14543444285136442	0.5800000000000001	0.02182954425070671	k141_287596_1;k141_287596_2;k141_287596_3	PF00535;PF02709;PF04055;PF10111
k141_289161	k141_289161_cluster_1	357	3660	0.12617695496938539	0.1277624465159382		0.015269433759708906	0.07029859228392976	0.07481161955383486	0.22132215811858624	0.020000000000000018	0.08901166419374529	k141_289161_2;k141_289161_3;k141_289161_4;k141_289161_5	PF00574;PF01040;PF04055;PF06463
k141_289218	k141_289218_cluster_1	3	4633	0.46643170527844435	0.4722707933508908		0.013420184426233828	0.21111936497324235	0.4154942463092618	0.05521818511151977	0.010000000000000009	0.023759565657964665	k141_289218_1;k141_289218_2;k141_289218_3;k141_289218_4	PF01575;PF08541;PF08545;PF13452;PF13535
k141_292978	k141_292978_cluster_1	3	3024	0.08331669309550843	0.08782927121032758		0.1310467930758037	0.3144928284435591	0.30938344242049753	0.17971539419689764	0.010000000000000009	0.10116544158770358	k141_292978_1;k141_292978_2;k141_292978_3;k141_292978_4	PF00557;PF01180;PF05721
k141_294422	k141_294422_cluster_1	3	1149	0.06930063925091985	0.07028112142806814		0.05560277645163514	0.24439687143083533	0.2631855640334968	0.24359576381016002	0.0	0.10711826503291999	k141_294422_1;k141_294422_2;k141_294422_3	PF00298;PF00467;PF00687;PF03946
k141_296468	k141_296468_cluster_1	1	7820	0.06367979138073593	0.0692431760342981		0.006246216668359672	0.056241555167434454	0.050764950342081616	0.1951205411136201	0.45999999999999996	0.014615554988944734	k141_296468_1;k141_296468_2;k141_296468_3;k141_296468_4;k141_296468_5	PF00005;PF00155;PF00498;PF00528;PF01061;PF02397;PF02706;PF12698;PF13807;PF19300
k141_296820	k141_296820_cluster_1	2848	7608	0.1914945275987198	0.1971189748485634		0.03639997334059197	0.29036808756438437	0.4861229445924201	0.07723273458582236	0.06000000000000005	0.17813658721416714	k141_296820_3;k141_296820_4;k141_296820_5;k141_296820_6	PF00078;PF00698;PF00931;PF01844;PF05729;PF13191
k141_296890	k141_296890_cluster_1	2	3692	0.16757814509947525	0.17077514015555187		0.013203279236731369	0.27692585583083174	0.35863070342398784	0.11732577761071639	0.040000000000000036	0.10430097281082151	k141_296890_1;k141_296890_2;k141_296890_3	PF00009;PF00027;PF00679;PF07690
k141_298622	k141_298622_cluster_1	1690	12725	0.1437836000737614	0.1464311905745611		0.014029663170827766	0.08557888520132206	0.20123315018813404	0.1026774988995659	0.07999999999999996	0.06808522942109507	k141_298622_4;k141_298622_5;k141_298622_6;k141_298622_7;k141_298622_8;k141_298622_9;k141_298622_10;k141_298622_11;k141_298622_12;k141_298622_13;k141_298622_14;k141_298622_15	PF02195;PF03796;PF07690;PF07731;PF13614;PF17762
k141_299323	k141_299323_cluster_1	2	2520	0.4450254405136387	0.4496795713390256		0.03634432348917305	0.08201604786840899	0.17508422968659088	0.10388444807441288	0.040000000000000036	0.44315936020820557	k141_299323_1;k141_299323_2;k141_299323_3;k141_299323_4	PF00348;PF00891;PF05175;PF08240;PF08242;PF13489;PF13649;PF17871
k141_303370	k141_303370_cluster_1	1	3752	0.5952237216917344	0.5969074296473491		0.02880551685789645	0.08314777371739157	0.15233924522090203	0.4473512896749571	0.09999999999999998	0.033816781468932744	k141_303370_1;k141_303370_2;k141_303370_3;k141_303370_4	PF00005;PF00908;PF01061;PF08421;PF08484;PF13489;PF14524
k141_309546	k141_309546_cluster_1	1	1091	0.1128933221290422	0.11346804078531944	RiPP	0.020000000000000018	0.11201984126984132	0.010000000000000009	0.8479801587301588	0.010000000000000009	0.0	k141_309546_1;k141_309546_2;k141_309546_3	PF00005;PF08352
k141_311384	k141_311384_cluster_1	421	5966	0.1114310450110796	0.13110152321217444		0.03871995073763557	0.0406441189575959	0.1541660385949355	0.19480613845729122	0.010000000000000009	0.05428863477602053	k141_311384_2;k141_311384_3;k141_311384_4;k141_311384_5;k141_311384_6;k141_311384_7;k141_311384_8;k141_311384_9;k141_311384_10	PF01261;PF04055;PF08242;PF13489
k141_312648	k141_312648_cluster_1	47	1447	0.06281237033895745	0.06483279561107594		0.05563394652836151	0.24480498197029876	0.26405092863231916	0.23766436028312743	0.0	0.10850244319862523	k141_312648_1;k141_312648_2;k141_312648_3	PF00448;PF00886;PF02978;PF13083
k141_313368	k141_313368_cluster_1	1	1543	0.4675990877673534	0.4709990038248025	NRP	0.0015764705882352903	0.8348470588235294	0.24534117647058817	0.05297647058823529	0.0	0.0039529411764704925	k141_313368_1;k141_313368_2;k141_313368_3	PF00501;PF00550;PF00593;PF13193
k141_314961	k141_314961_cluster_1	2	1677	0.10018691132410991	0.10032533641198695		0.001542518127883974	0.02535926170072511	0.38589980224126563	0.012788398154251812	0.050000000000000044	0.1310547132498351	k141_314961_1;k141_314961_2;k141_314961_3	PF00106;PF01370;PF08659;PF13460;PF13561
k141_315438	k141_315438_cluster_1	1	3581	0.5086806264783154	0.5212925512033988	NRP;Polyketide	0.0029974573877014077	0.5455089226857519	0.5247881215274508	0.00993974832846789	0.0	0.005363946699312727	k141_315438_1;k141_315438_2;k141_315438_3	PF00108;PF00501;PF00550;PF01546;PF08541;PF08545
k141_315996	k141_315996_cluster_1	1	3944	0.06860146701983397	0.0697856747433941	RiPP	0.002286490683229836	0.07611348343685309	0.008326863354037317	0.8714156314699792	0.020000000000000018	0.006180124223602368	k141_315996_1;k141_315996_2;k141_315996_3;k141_315996_4	PF00005;PF00072;PF00664;PF07676;PF07714
k141_316471	k141_316471_cluster_1	1	3001	0.05792276651259474	0.0630777605715168		0.03066851638251522	0.14890172185902073	0.1657800161979065	0.13758641465879096	0.0	0.0658190263306474	k141_316471_1;k141_316471_2;k141_316471_3	PF00155;PF00815;PF01634
k141_317512	k141_317512_cluster_1	62	3468	0.10661113606651983	0.10686116554317762		0.07769993213996884	0.2282306642071008	0.2402171814317191	0.17944402905407753	0.010000000000000009	0.08745270056319254	k141_317512_1;k141_317512_2;k141_317512_3	PF00111;PF00300;PF02738;PF13085;PF20256
k141_318546	k141_318546_cluster_1	2	3866	0.7192240162463774	0.7460286557609486	Polyketide	0.0021906565656566457	0.4181944444444444	0.9177935606060605	0.0069633838383837965	0.0	0.03406881313131327	k141_318546_1;k141_318546_2;k141_318546_3	PF00108;PF00109;PF00365;PF00698;PF01636;PF02801;PF16197
k141_323119	k141_323119_cluster_1	2	833	0.5158540251951096	0.519207214653959	Polyketide	0.014373526700788841	0.20842877647089664	0.6111424099469702	0.01775924054520628	0.010000000000000009	0.04523367586798255	k141_323119_1;k141_323119_2;k141_323119_3	PF00109;PF00550;PF13561
k141_325006	k141_325006_cluster_1	2	1947	0.08251139964802065	0.08271499355300134		0.052728767392331455	0.056221264170247975	0.058655693391898356	0.07720669015264248	0.0	0.029436939733785472	k141_325006_1;k141_325006_2;k141_325006_3	PF00155;PF01037;PF02784;PF13404;PF13412
k141_327934	k141_327934_cluster_1	46	3528	0.07752759702847299	0.07819321946998575		0.019226335862876587	0.2707933675064992	0.3822507481281412	0.07330305664776704	0.09999999999999998	0.07712887553807302	k141_327934_1;k141_327934_2;k141_327934_3	PF00107;PF00180;PF00512;PF00989;PF08240;PF08448;PF13426;PF13602
k141_331865	k141_331865_cluster_1	3695	10126	0.11773267311658772	0.1191835239914261		0.0	0.050000000000000044	0.44999999999999996	0.0	0.030000000000000027	0.06999999999999995	k141_331865_4;k141_331865_5;k141_331865_6;k141_331865_7;k141_331865_8;k141_331865_9	PF00106;PF00171;PF00202;PF08659;PF13561
k141_333490	k141_333490_cluster_1	89	2379	0.10843799393777845	0.10977304544859719		0.0	0.010000000000000009	0.5	0.010000000000000009	0.020000000000000018	0.09999999999999998	k141_333490_2;k141_333490_3;k141_333490_4	PF00106;PF01039;PF01575;PF08659;PF13561
k141_336596	k141_336596_cluster_1	2	1757	0.0890121711783025	0.08939584518929544		0.05165514043125485	0.25129112190407843	0.24972459647559764	0.2549101472329657	0.0	0.10139008328644805	k141_336596_1;k141_336596_2;k141_336596_3	PF02082;PF02915;PF09335
k141_337191	k141_337191_cluster_1	1	1099	0.1322625146049931	0.13751976460872356		0.026454170665225818	0.37345727049486854	0.3417065291445398	0.2822349363767228	0.0	0.041857236302750955	k141_337191_1;k141_337191_2;k141_337191_3	PF00326;PF00589;PF01726;PF12146;PF12802
k141_33917	k141_33917_cluster_1	2	11418	0.2278479742227173	0.2887018053320491	RiPP	0.0	0.020000000000000018	0.0	0.95	0.0	0.010000000000000009	k141_33917_1;k141_33917_2;k141_33917_3;k141_33917_4;k141_33917_5;k141_33917_6;k141_33917_7;k141_33917_8;k141_33917_9;k141_33917_10;k141_33917_11;k141_33917_12	PF00005;PF00486;PF00664;PF03412;PF04952
k141_339524	k141_339524_cluster_1	26	1949	0.053756806243412794	0.054244490405161536		0.03087671587259455	0.13427085211860867	0.15113704508467096	0.11767174771242783	0.0	0.058015827600392145	k141_339524_1;k141_339524_2;k141_339524_3	PF02525;PF02604;PF02678;PF03358
k141_340458	k141_340458_cluster_1	148	3634	0.05295167517934058	0.05345270854715236	RiPP	0.02418258856209521	0.12741879921203003	0.03473095909487289	0.7593028872591822	0.010000000000000009	0.007890237384173604	k141_340458_2;k141_340458_3;k141_340458_4	PF00005;PF00528;PF08352;PF19300
k141_343688	k141_343688_cluster_1	382	2364	0.07424775353535693	0.07512343279841295		0.009020959594570943	0.34925827057780945	0.4583154200200441	0.029008196595469937	0.06000000000000005	0.066808717634391	k141_343688_1;k141_343688_2;k141_343688_3	PF00107;PF00578;PF01551;PF08240;PF13602
k141_345840	k141_345840_cluster_1	360	2763	0.11680184224426614	0.11713786706895689		0.05430303030303041	0.020606060606060628	0.21151515151515154	0.1139393939393939	0.0	0.2362121212121212	k141_345840_2;k141_345840_3;k141_345840_4	PF01040;PF01209;PF08241;PF08242;PF13489;PF13649;PF13847
k141_346118	k141_346118_cluster_1	210	4377	0.6417347451321553	0.6611133388221311		0.03646177252837002	0.14221041511482402	0.14828213581095495	0.3545681846830425	0.010000000000000009	0.0683378044588916	k141_346118_2;k141_346118_3;k141_346118_4;k141_346118_5	PF07728;PF13191;PF13365;PF19955;PF20028
k141_349951	k141_349951_cluster_1	3	2962	0.08205334279848236	0.08287589553703721	Saccharide	0.021076534903280097	0.004995794785534136	0.16499579478553417	0.013776282590412192	0.53	0.19127838519764506	k141_349951_1;k141_349951_2;k141_349951_3	PF00348;PF01073;PF01177;PF01370;PF02719;PF04321;PF13460;PF16363
k141_352717	k141_352717_cluster_1	5603	10128	0.15376180622644145	0.15512793844612452		0.029327327552630456	0.38782213743099025	0.16682297391783563	0.09304088586587167	0.07999999999999996	0.03870044000847306	k141_352717_4;k141_352717_5;k141_352717_6;k141_352717_7	PF00294;PF00501;PF00578;PF08534;PF10417
k141_354546	k141_354546_cluster_1	3	3440	0.08120618815385322	0.08147015235472065		0.016639686617019978	0.19979636161057346	0.10240264913064667	0.3417467532204289	0.25	0.032150174131407416	k141_354546_1;k141_354546_2;k141_354546_3	PF00593;PF01575;PF07715;PF12804
k141_355776	k141_355776_cluster_1	1	1959	0.14399353314492438	0.14526568710488147		0.00035714285714272265	0.10285714285714276	0.37357142857142867	0.011071428571428621	0.06999999999999995	0.13107142857142862	k141_355776_1;k141_355776_2;k141_355776_3	PF00106;PF01370;PF08240;PF08659;PF13098;PF13561;PF13899
k141_358183	k141_358183_cluster_1	2	4423	0.18773250482266532	0.2006588678256459		0.009354389711309752	0.17883376399956885	0.13505420504989163	0.33459980615144924	0.010000000000000009	0.10497774323731701	k141_358183_1;k141_358183_2;k141_358183_3;k141_358183_4;k141_358183_5	PF00005;PF00561;PF00675;PF00890;PF01134;PF08386;PF12679;PF12697;PF12698;PF12831
k141_35897	k141_35897_cluster_1	2	4142	0.058500560879139345	0.059232162572005115		0.02642079832977684	0.13198204278049275	0.14480129022475896	0.12986030869916576	0.0	0.05673581977216191	k141_35897_1;k141_35897_2;k141_35897_3	PF00155;PF02826;PF12770
k141_359169	k141_359169_cluster_1	3	3745	0.1035476342917782	0.10799060243231481	RiPP	0.009496211793057374	0.08540223945502246	0.18009556135043647	0.5604988514107074	0.010000000000000009	0.019948133063976692	k141_359169_1;k141_359169_2;k141_359169_3;k141_359169_4;k141_359169_5	PF00072;PF00196;PF00672;PF01584
k141_361668	k141_361668_cluster_1	1	1523	0.23994759354311632	0.24240976746723647		0.04184533386935174	0.33918187272772937	0.3674070616819416	0.17917987990376938	0.0	0.08713558339196903	k141_361668_1;k141_361668_2;k141_361668_3	PF00158;PF02954;PF03992;PF13083;PF14532
k141_36446	k141_36446_cluster_1	1	2588	0.05502274987658862	0.055787903273222486		0.002008608321377392	0.09095982783357259	0.14959110473457682	0.45367431850789086	0.26	0.004404591104734568	k141_36446_1;k141_36446_2;k141_36446_3	PF00005;PF00535;PF01370;PF02463;PF13460
k141_366256	k141_366256_cluster_1	1	2886	0.08018436179903028	0.08069357427887214		0.03910407880182942	0.1434766496701103	0.31146631227602617	0.33188040029597576	0.030000000000000027	0.053051498691677024	k141_366256_1;k141_366256_2;k141_366256_3;k141_366256_4	PF00072;PF00120;PF00512;PF00989;PF02518
k141_367057	k141_367057_cluster_1	2476	6007	0.8122391944682322	0.9581513803597479		0.04658704231102351	0.45435144201475364	0.4763175410511631	0.04287886074757863	0.0	0.061097627787708886	k141_367057_3;k141_367057_4;k141_367057_5;k141_367057_6	PF00037;PF00561;PF07859;PF07942;PF08241;PF10340;PF12146;PF12697;PF20434
k141_369685	k141_369685_cluster_1	1510	5291	0.4495106625243044	0.45425015847137873		0.03526542863501447	0.397152451073605	0.12449811413545608	0.047288778339015236	0.040000000000000036	0.030572047634868316	k141_369685_2;k141_369685_3;k141_369685_4	PF00221;PF00501;PF00793;PF03102;PF18152
k141_378334	k141_378334_cluster_1	2	3369	0.09980904146939855	0.10314120376678326		0.18604184008279534	0.1589314354155924	0.1624941482250577	0.21075221535917055	0.0	0.12792073874761856	k141_378334_1;k141_378334_2;k141_378334_3;k141_378334_4;k141_378334_5	PF00873;PF01266;PF13085;PF13183
k141_378585	k141_378585_cluster_1	2	2906	0.20921274074095358	0.21025258882722173		0.09999999999999998	0.06000000000000005	0.18999999999999995	0.06999999999999995	0.25	0.08750000000000002	k141_378585_1;k141_378585_2;k141_378585_3;k141_378585_4	PF01041;PF01370;PF08241;PF08242;PF13489;PF13649;PF13847;PF16363
k141_379207	k141_379207_cluster_1	93	2588	0.062286212091923795	0.06299025344705839		0.1283348113972217	0.1481120334102638	0.22804242759914206	0.10557562638445561	0.0	0.1584789082437439	k141_379207_1;k141_379207_2;k141_379207_3	PF01261;PF01266;PF13602
k141_383361	k141_383361_cluster_1	1459	6310	0.15992283007122388	0.16309316996795972		0.019092147824958605	0.13725353169882804	0.14763705249326708	0.16652830636042293	0.0	0.1401559403505681	k141_383361_3;k141_383361_4;k141_383361_5;k141_383361_6;k141_383361_7	PF02310;PF02915;PF02954;PF04055;PF05834
k141_388123	k141_388123_cluster_1	1	2617	0.06122781715201221	0.0678716235940359		0.0	0.050000000000000044	0.43000000000000005	0.0	0.0	0.10999999999999999	k141_388123_1;k141_388123_2;k141_388123_3	PF00106;PF00108;PF00378;PF02803;PF08659;PF13561
k141_390273	k141_390273_cluster_1	386	2967	0.37762477586139875	0.38027006168046934		0.0947498019080234	0.25985551191209855	0.2631871781143382	0.19459689325828233	0.0	0.10521045893860448	k141_390273_1;k141_390273_2;k141_390273_3;k141_390273_4;k141_390273_5	PF00999;PF05598;PF13359;PF13586
k141_391234	k141_391234_cluster_1	1	1372	0.11172645816154644	0.11350435503133992	NRP	0.0194117070045976	0.5145195142753671	0.4595016663457434	0.08876204110957042	0.0	0.03647941975672997	k141_391234_1;k141_391234_2;k141_391234_3	PF01047;PF01613;PF12146;PF12802
k141_394256	k141_394256_cluster_1	2002	5088	0.9876981804611155	0.9889976128717698	NRP	0.04077351916376315	0.559379466817924	0.13907381897739224	0.008731383194230724	0.0	0.023037355157604744	k141_394256_2;k141_394256_3;k141_394256_4;k141_394256_5	PF00501;PF00550;PF01494;PF04820;PF19574
k141_394507	k141_394507_cluster_1	3	614	0.05434874492795869	0.054548106588947674		0.05558182100477993	0.20899774708634478	0.2270630751131627	0.2084708415554407	0.0	0.0927689845597125	k141_394507_1;k141_394507_2;k141_394507_3	PF01967;PF02391;PF02597
k141_394620	k141_394620_cluster_1	2	2289	0.07752933947553607	0.07796687986329612		0.013089412239843723	0.07961082802375896	0.0580475525141434	0.2823085891241738	0.010000000000000009	0.02614574782171175	k141_394620_1;k141_394620_2;k141_394620_3	PF00582;PF01026;PF04055
k141_395187	k141_395187_cluster_1	1	1643	0.06938293582070211	0.07062382101157011		0.05560277645163514	0.24439687143083533	0.2631855640334968	0.24359576381016002	0.0	0.10711826503291999	k141_395187_1;k141_395187_2;k141_395187_3	PF00298;PF00467;PF00687;PF03946
k141_395968	k141_395968_cluster_1	2	2271	0.14698919960576126	0.1541714192645942		0.030010961877799613	0.1964014625107785	0.21085356877382322	0.1688198095975083	0.0	0.07559904569155873	k141_395968_1;k141_395968_2;k141_395968_3	PF00384;PF03704;PF04879
k141_396376	k141_396376_cluster_1	143	2468	0.12505299676371767	0.12665223210930684	Polyketide	0.0	0.09999999999999998	0.5800000000000001	0.0	0.0	0.06000000000000005	k141_396376_1;k141_396376_2;k141_396376_3	PF00106;PF00698;PF05173;PF08659;PF13561
k141_396677	k141_396677_cluster_1	606	2825	0.30828231529239963	0.3088762597685284		0.05923435213571859	0.22484416012052055	0.23982257292451226	0.23122832235424096	0.010000000000000009	0.09840504218690593	k141_396677_2;k141_396677_3;k141_396677_4	PF01590;PF02163;PF03055
k141_400208	k141_400208_cluster_1	1268	4891	0.0572982405900618	0.05746635646920039		0.004911176525558392	0.05791397955085931	0.1900815078490119	0.04540908778687369	0.45999999999999996	0.021616880337023137	k141_400208_2;k141_400208_3;k141_400208_4;k141_400208_5	PF00111;PF01073;PF01370;PF02397;PF13460;PF16363
k141_401320	k141_401320_cluster_1	354	4173	0.17280554594839548	0.17480476113235788	Saccharide	0.0	0.32999999999999996	0.06999999999999995	0.020000000000000018	0.63	0.0	k141_401320_2;k141_401320_3;k141_401320_4	PF00501;PF00535;PF02784;PF10111;PF13193;PF13641
k141_401877	k141_401877_cluster_1	3	2438	0.3035942792543447	0.3102457815373937	NRP	0.007402267168341248	0.5303390305461011	0.41586323777202294	0.1199364210914119	0.0	0.026977953534582322	k141_401877_1;k141_401877_2;k141_401877_3;k141_401877_4	PF00561;PF00797;PF07366;PF08386;PF12146;PF12680;PF12697
k141_402329	k141_402329_cluster_1	2	2570	0.11472742579864406	0.11801645213885675		0.006141700425832397	0.43087545497854696	0.12298277382952483	0.041812532982682504	0.020000000000000018	0.011447925012395332	k141_402329_1;k141_402329_2;k141_402329_3	PF00501;PF00753;PF02525;PF03358;PF13193
k141_403750	k141_403750_cluster_1	1	1448	0.1962765809617837	0.2013197530801026		0.053098591415429275	0.28215390447262234	0.28903612949339663	0.21147956068186557	0.0	0.10428472664982535	k141_403750_1;k141_403750_2;k141_403750_3	PF00834;PF01220;PF10979
k141_405677	k141_405677_cluster_1	605	4016	0.16507318183218403	0.16662007029649525	RiPP	0.0077874332821984416	0.06903946530417482	0.06095065558028734	0.6283547736144867	0.07999999999999996	0.016332274776591937	k141_405677_1;k141_405677_2;k141_405677_3	PF00005;PF01061;PF01656;PF02374;PF14524;PF17886
k141_407851	k141_407851_cluster_1	61	2477	0.2826110904883259	0.28494443260553026		0.15279041390356296	0.028880886815780493	0.11072247667753166	0.09822253287625027	0.0	0.22520386787681246	k141_407851_1;k141_407851_2;k141_407851_3	PF01266;PF01494;PF02353;PF08241;PF13450;PF13489;PF13649;PF13669
k141_412583	k141_412583_cluster_1	1	1434	0.05402534324116019	0.05416481018891005		0.04113822604711048	0.19245307795074684	0.2025834578836364	0.16785634837726482	0.0	0.07767921472974482	k141_412583_1;k141_412583_2;k141_412583_3	PF00185;PF00696;PF02729
k141_413809	k141_413809_cluster_1	2	2077	0.06575092207906559	0.0665926192973613		0.05161937782643489	0.2024466353824731	0.21656390555678828	0.18910343954153686	0.010000000000000009	0.0870087997295661	k141_413809_1;k141_413809_2;k141_413809_3	PF00294;PF00994;PF02597;PF03453;PF03454
k141_42084	k141_42084_cluster_1	375	2660	0.9669093033334469	0.9695254473800565		0.06666666666666676	0.0	0.09999999999999998	0.08999999999999997	0.0	0.27	k141_42084_1;k141_42084_2;k141_42084_3	PF00201;PF00891;PF01135;PF01209;PF01739;PF02353;PF05175;PF08241;PF08242;PF13489;PF13649;PF13847
k141_43341	k141_43341_cluster_1	2	2304	0.06568614244436942	0.06623244924651679		0.028962952000089026	0.14900822572749262	0.15420551357287204	0.1279018332827202	0.0	0.06297283263073039	k141_43341_1;k141_43341_2;k141_43341_3	PF00155;PF00275;PF02153;PF03807;PF20463
k141_482	k141_482_cluster_1	2	2836	0.44402840356212314	0.4449387337050191		0.05365045666123991	0.27401889769299714	0.31403077511393807	0.1777082744973003	0.0	0.18080708423051717	k141_482_1;k141_482_2;k141_482_3	PF00248;PF00271;PF02836
k141_49292	k141_49292_cluster_1	94	1481	0.062502024445703	0.06278621971103418		0.05681601174575279	0.25140824283986407	0.2701922329801453	0.2222431646309535	0.0	0.11136929102471216	k141_49292_1;k141_49292_2;k141_49292_3	PF00850
k141_49651	k141_49651_cluster_1	1	3272	0.5474803952070588	0.561447782805629		0.08747888352821542	0.15178508960594062	0.15990107631484607	0.11990503426770838	0.020000000000000018	0.13458878374212402	k141_49651_1;k141_49651_2;k141_49651_3;k141_49651_4	PF01494;PF04820;PF05118;PF12770;PF13546
k141_52021	k141_52021_cluster_1	174	4326	0.09743954111968146	0.09913283615222726		0.060938509107879124	0.2321327194594568	0.24627072701594743	0.20001942765498082	0.010000000000000009	0.09934206634129694	k141_52021_1;k141_52021_2;k141_52021_3	PF01131;PF01396;PF01751;PF02355;PF02481;PF14520;PF17782;PF18306
k141_54499	k141_54499_cluster_1	3	2070	0.16232538237935548	0.16712099052573753		0.06365345409203116	0.1315553069441594	0.15045206684110024	0.30625024994769134	0.0	0.11834383238364987	k141_54499_1;k141_54499_2;k141_54499_3	PF00070;PF01494;PF02463
k141_55716	k141_55716_cluster_1	1	1045	0.1566774085725543	0.15948567335871985		0.050434842578408134	0.2329173862438535	0.24402770313449063	0.186074692803321	0.06999999999999995	0.0942502491503181	k141_55716_1;k141_55716_2;k141_55716_3	PF13358;PF13384;PF13546;PF13551
k141_58209	k141_58209_cluster_1	1408	4206	0.058555559300871536	0.061891508950901404		0.038648973412498844	0.05204632335749948	0.1719920282061238	0.1717367949429125	0.030000000000000027	0.15356206909329884	k141_58209_2;k141_58209_3;k141_58209_4;k141_58209_5	PF00484;PF00579;PF08241;PF08242;PF13302;PF13649
k141_6653	k141_6653_cluster_1	171	1928	0.07520583272154148	0.07935124327335809		0.00689724889894161	0.05490955594616975	0.11250957656531613	0.0489179487802468	0.0	0.06098926398683546	k141_6653_2;k141_6653_3;k141_6653_4	PF00293;PF01135;PF01479;PF01596;PF13578;PF13847
k141_71013	k141_71013_cluster_1	703	2148	0.22732022953776365	0.2332296906473585		0.020202209222128897	0.39607732363412995	0.20107242740626075	0.03088939563797255	0.35	0.022405384811872153	k141_71013_2;k141_71013_3;k141_71013_4	PF00535;PF00550;PF07977
k141_72894	k141_72894_cluster_1	92	2064	0.08450248872299466	0.08591091605782455		0.011239215495959298	0.09758360073679129	0.12025839897662594	0.3140964411029179	0.14	0.10254923854539844	k141_72894_1;k141_72894_2;k141_72894_3	PF00725;PF01381;PF02737;PF02770;PF02771;PF07883;PF12844
k141_73933	k141_73933_cluster_1	3173	8131	0.7447212236650402	0.7566602101667835		0.02352506081427652	0.10622009319139059	0.12370356816955164	0.19514988737946348	0.22999999999999998	0.043981621950307526	k141_73933_5;k141_73933_6;k141_73933_7;k141_73933_8;k141_73933_9	PF01656;PF10609;PF12706;PF13483;PF13614;PF13807;PF14681
k141_75602	k141_75602_cluster_1	2	3952	0.2096969351112019	0.22752026482907076		0.0016983629397422373	0.03250550482334591	0.29272289612769375	0.08166756015931431	0.4	0.015566322899156493	k141_75602_1;k141_75602_2;k141_75602_3;k141_75602_4	PF00132;PF00685;PF00733;PF01073;PF01370;PF04321;PF13469;PF14602;PF16363
k141_81539	k141_81539_cluster_1	1	2569	0.29019448730243425	0.29081995468913346		0.05819298245614035	0.004368421052631688	0.08449122807017528	0.07463157894736838	0.010000000000000009	0.2320526315789473	k141_81539_1;k141_81539_2;k141_81539_3	PF02353;PF02544;PF05175;PF06966;PF07690;PF08241;PF08242;PF13489;PF13649;PF13847
k141_82827	k141_82827_cluster_1	2	3550	0.0740059806011099	0.0817970818530326	NRP	0.007500200830190651	0.5519923081145305	0.4189240270386593	0.07854547322607586	0.0	0.01632492442364608	k141_82827_1;k141_82827_2;k141_82827_3;k141_82827_4	PF00378;PF00561;PF01145;PF12146;PF12697;PF12773;PF13240
k141_83712	k141_83712_cluster_1	2	3111	0.1485398495663288	0.1498450674820652		0.02409728990205995	0.3846397927011239	0.3853162362208893	0.15027651388808105	0.050000000000000044	0.04549338119215263	k141_83712_1;k141_83712_2;k141_83712_3;k141_83712_4	PF01636;PF12697;PF17764
k141_84621	k141_84621_cluster_1	193	3387	0.12940899359970665	0.13074681255352802		0.04561829790216332	0.13491890899848968	0.08147480433714449	0.4624901229349966	0.040000000000000036	0.12183505893511704	k141_84621_1;k141_84621_2;k141_84621_3;k141_84621_4	PF00665;PF00881;PF13191;PF13683
k141_84674	k141_84674_cluster_1	793	2916	0.1941588062565817	0.1966992835162163		0.006071105030042934	0.2578058589715817	0.31970182282521165	0.02343721250481634	0.25	0.08287485160532426	k141_84674_2;k141_84674_3;k141_84674_4	PF00107;PF08240;PF13602;PF13669;PF16912;PF18029
k141_86125	k141_86125_cluster_1	1	1987	0.12053466101907795	0.12083083043247887	RiPP	0.0	0.1827698412698413	0.07999999999999996	0.8172301587301587	0.0	0.0	k141_86125_1;k141_86125_2;k141_86125_3	PF00005;PF12848
k141_87108	k141_87108_cluster_1	2	4539	0.07733628904717352	0.07785759200928433		0.04389439820320917	0.1256433952009428	0.16722937235144497	0.4566840888829815	0.09999999999999998	0.027737159511487475	k141_87108_1;k141_87108_2;k141_87108_3;k141_87108_4;k141_87108_5;k141_87108_6	PF00005;PF00512;PF00557;PF00989;PF01061;PF02518;PF08448;PF12698;PF13732
k141_89825	k141_89825_cluster_1	1	1677	0.07972576492928102	0.08006708617372313		0.013396327032836997	0.1233492703677953	0.17617793158715078	0.48564718887861336	0.030000000000000027	0.13270890806077995	k141_89825_1;k141_89825_2;k141_89825_3	PF00725;PF01381;PF02737;PF02803;PF12844
k141_91272	k141_91272_cluster_1	1	1595	0.0840491431195798	0.08562445326154411		0.03643609684700844	0.14565523626745602	0.15726537229019	0.19158564738488226	0.06000000000000005	0.06683199069024459	k141_91272_1;k141_91272_2;k141_91272_3	PF01656;PF02374;PF02754;PF13183;PF13614
k141_93921	k141_93921_cluster_1	3	1747	0.13817893584844537	0.1390806395698905	RiPP	0.058979692517653004	0.11640321948707222	0.14363431353451228	0.6403890135074071	0.0	0.07592425757868937	k141_93921_1;k141_93921_2;k141_93921_3;k141_93921_4	PF00005;PF02915;PF13370;PF13459
k141_95119	k141_95119_cluster_1	1	1178	0.06938293582070211	0.07062382101157011		0.05560277645163514	0.24439687143083533	0.2631855640334968	0.24359576381016002	0.0	0.10711826503291999	k141_95119_1;k141_95119_2;k141_95119_3	PF00298;PF00467;PF00687;PF03946
k141_95889	k141_95889_cluster_1	3	1324	0.46003336472759376	0.4608229183796793	Saccharide	0.011067801900769503	0.04525604522802795	0.14522418193006204	0.03197431542253781	0.6799999999999999	0.014926636042289387	k141_95889_1;k141_95889_2;k141_95889_3	PF00483;PF00908;PF12804;PF16363
k141_95915	k141_95915_cluster_1	223	2618	0.21367141366212167	0.21791314295266548		0.05681601174575279	0.25140824283986407	0.2701922329801453	0.2222431646309535	0.0	0.11136929102471216	k141_95915_1;k141_95915_2;k141_95915_3	PF00056;PF00113;PF02866;PF03952
k141_98582	k141_98582_cluster_1	2	2874	0.07845266172237228	0.07912265973491522		0.04556444116671021	0.20913716234841762	0.22570538364420312	0.23467076771329531	0.06999999999999995	0.10379677282440725	k141_98582_1;k141_98582_2;k141_98582_3	PF00575;PF01061;PF06838
